,count,mean,std,min,25%,50%,75%,max,missing_pct
Assets,57861.0,14645769216.0,126984683520.0,0.0,41408308.0,553817984.0,4006099968.0,4900474847232.0,0.6524613244964887
AssetsCurrent,45902.0,1887232128.0,8932407296.0,0.0,8875866.0,144558496.0,850953984.0,343840948224.0,21.186106007795196
CashAndCashEquivalentsAtCarryingValue,43420.0,596657728.0,3966473984.0,0.0,8407000.0,60107000.0,265376736.0,241577000960.0,25.447708658848576
CostOfRevenue,11941.0,605383424.0,4432193536.0,-1399020.0,716095.75,8398250.0,88411000.0,134706003968.0,79.4972613794406
EarningsPerShareBasic,48644.0,0.016021480783820152,13.384679794311523,-882.75,-0.20000000298023224,0.0,0.5199999809265137,518.2899780273438,16.478082450507376
EarningsPerShareDiluted,47451.0,0.021953683346509933,12.845268249511719,-882.75,-0.19499999284744263,0.0,0.5099999904632568,518.2899780273438,18.52646760872925
GrossProfit,22292.0,315088448.0,1897612416.0,-3507000064.0,797978.0,19933702.0,152982000.0,69231001600.0,61.724558300853346
IncomeTaxExpenseBenefit,41003.0,36811344.0,292487040.0,-5137999872.0,0.0,845000.0,12600000.0,18954000384.0,29.59770608334335
InventoryNet,22887.0,665703040.0,2420185600.0,0.0,4588773.0,53160000.0,383225984.0,65353998336.0,60.70294122697069
Liabilities,51185.0,11716194304.0,124357394432.0,0.0,11647238.0,174684000.0,1985831040.0,4536437047296.0,12.115176593808485
LiabilitiesCurrent,45696.0,1523345536.0,7958248960.0,0.0,6355959.5,53797000.0,463924992.0,335734603776.0,21.539808725811714
LongTermDebtNoncurrent,13931.0,3053744384.0,8536957952.0,0.0,70504496.0,541291008.0,2332646400.0,119073996800.0,76.08042444326162
NetCashProvidedByUsedInFinancingActivities,54242.0,19101652.0,3169568512.0,-51711500288.0,-16479375.0,6474.75,5611125.0,400677011456.0,6.866296938582786
NetCashProvidedByUsedInInvestingActivities,50174.0,-161434496.0,2218395904.0,-217769000960.0,-44500000.0,-3121875.0,-158.5,46726000640.0,13.851067117666249
NetCashProvidedByUsedInOperatingActivities,55563.0,121714480.0,2129745536.0,-251839004672.0,-1935000.0,330726.0,44037624.0,53924999168.0,4.598135334214729
NetIncomeLoss,53542.0,101487328.0,1045032192.0,-16638999552.0,-4731700.0,-10671.0,21559000.0,62577999872.0,8.068199378444737
OperatingIncomeLoss,44940.0,117548680.0,1136321536.0,-16641874944.0,-4873826.0,-166000.0,25079000.0,53535997952.0,22.837863360862624
ResearchAndDevelopmentExpense,19261.0,78938024.0,566604096.0,-189000000.0,1018352.0,6687000.0,29350000.0,17699000320.0,66.9287958654556
RevenueFromContractWithCustomerExcludingAssessedTax,23089.0,1343750784.0,7071703552.0,-1781000.0,13673590.0,152191008.0,677576000.0,181519007744.0,60.35610652289625
Revenues,18601.0,1594247680.0,7692847616.0,-1720374016.0,1302000.0,42371000.0,559783488.0,179495993344.0,68.06201816589687
SellingGeneralAndAdministrativeExpense,18381.0,275278272.0,1130248064.0,-137000000.0,8651283.0,50385000.0,184924992.0,38094000128.0,68.43975893271063
StockholdersEquity,52734.0,2678417408.0,16537862144.0,-23552000000.0,3314451.75,155879008.0,1121949952.0,727180967936.0,9.455538194742536
