,r,p,n
debt_to_assets,-0.11504160797278914,3.3097190895784244e-70,23553.0
cash_ratio,-0.1041245961412965,3.4165455308337476e-55,22465.0
current_ratio,-0.02719951006518334,6.06061793722186e-06,27660.0
debt_to_equity,0.036081500967000135,5.8901988333386526e-08,22570.0
gross_margin,0.03825953065033019,1.6446441006609938e-05,12674.0
roe,0.0732598680865428,1.7057226187378546e-32,26182.0
operating_margin,0.1050405390731793,1.891129839878522e-48,19286.0
net_profit_margin,0.1057060814937306,6.718638004324298e-52,20450.0
roa,0.10959937570990508,4.6626129366837245e-74,27429.0
asset_turnover,0.12450795115871716,4.1343236135052766e-74,21232.0
